{
  "project_info": {
    "project_number": "894605709074",
    "firebase_url": "https://to-do-list-db452-default-rtdb.firebaseio.com",
    "project_id": "to-do-list-db452",
    "storage_bucket": "to-do-list-db452.appspot.com"
  },
  "client": [
    {
      "client_info": {
        "mobilesdk_app_id": "1:894605709074:android:4da71c76bce46cf062edcb",
        "android_client_info": {
          "package_name": "com.example.to_dolist"
        }
      },
      "oauth_client": [
        {
          "client_id": "894605709074-rp8jpdku8u4haalq94t66bn1ia96plmf.apps.googleusercontent.com",
          "client_type": 3
        }
      ],
      "api_key": [
        {
          "current_key": "AIzaSyD5QJUOSmm2QzYCltw2Hv38XlxqSZ4WjsI"
        }
      ],
      "services": {
        "appinvite_service": {
          "other_platform_oauth_client": [
            {
              "client_id": "894605709074-rp8jpdku8u4haalq94t66bn1ia96plmf.apps.googleusercontent.com",
              "client_type": 3
            }
          ]
        }
      }
    }
  ],
  "configuration_version": "1"
}